{"cameraMode":{"drawMode":0,"name":"Shaded","section":"Shading Mode"},"sceneLighting":false,"audioPlay":false,"sceneViewState":{"showFog":false,"showMaterialUpdate":false,"showSkybox":false,"showFlares":false,"showImageEffects":false,"showParticleSystems":false},"in2DMode":false,"pivot":{"x":-4.475510120391846,"y":-2.093435764312744,"z":1.9071483612060547},"rotation":{"x":-0.0007011318230070174,"y":0.9987568259239197,"z":-0.047674860805273059,"w":-0.014686554670333863},"size":2.2266499996185304,"orthographic":false}