{"cameraMode":{"drawMode":0,"name":"Shaded","section":"Shading Mode"},"sceneLighting":false,"audioPlay":false,"sceneViewState":{"showFog":false,"showMaterialUpdate":false,"showSkybox":false,"showFlares":false,"showImageEffects":false,"showParticleSystems":false},"in2DMode":false,"pivot":{"x":1.365396499633789,"y":-1.1482352018356324,"z":0.31594228744506838},"rotation":{"x":-0.0068983337841928009,"y":0.9841309785842896,"z":-0.17298798263072968,"w":-0.039258819073438647},"size":1.5866432189941407,"orthographic":false}