{"cameraMode":{"drawMode":0,"name":"Shaded","section":"Shading Mode"},"sceneLighting":false,"audioPlay":false,"sceneViewState":{"showFog":true,"showMaterialUpdate":false,"showSkybox":false,"showFlares":true,"showImageEffects":true,"showParticleSystems":true},"in2DMode":false,"pivot":{"x":-9.180264472961426,"y":1.9683632850646973,"z":5.869895935058594},"rotation":{"x":0.0674985945224762,"y":-0.4981432259082794,"z":0.03893284499645233,"w":0.8635968565940857},"size":0.7529067397117615,"orthographic":false}