{"cameraMode":{"drawMode":0,"name":"Shaded","section":"Shading Mode"},"sceneLighting":false,"audioPlay":false,"sceneViewState":{"showFog":true,"showMaterialUpdate":true,"showSkybox":false,"showFlares":true,"showImageEffects":true,"showParticleSystems":true},"in2DMode":false,"pivot":{"x":-0.0019407272338867188,"y":-1.6890021562576295,"z":2.0240468978881838},"rotation":{"x":0.049421269446611407,"y":0.8574489951133728,"z":-0.08386719971895218,"w":0.5052777528762817},"size":2.078584909439087,"orthographic":false}